sheet_tab,title,isbn,creator,subject_code,subject,publisher,date,language,collector,sourceURL
DS_main,1984,9786045774229,George Orwell,L,Văn học & Tiểu thuyết,Không rõ,1949,vi,Nguyễn Đoàn Xuân Thu,
DS_main,22 Quy luật bất biến trong marketing,9786045893005,Al Ries - Jack Trout,B,Kinh tế & Kinh doanh,NXB Trẻ,1993,vi,Ngô Thanh Tùng,
DS_main,Ác ý,9786044987002,Keigo Higashino,L,Văn học & Tiểu thuyết,NXB Hồng Đức,2019,vi,Ngô Thanh Tùng,
DS_main,Ai cập huyền bí,9786043408270,Paul Brunton,H,Lịch sử,NXB Văn Hóa Thông Tin,2004,vi,Bùi Minh Quân,
DS_main,Alice Lạc Vào Xứ Diệu Kỳ,9786049548260,Carroll,L,Văn học & Tiểu thuyết,NXB Văn học,1865,vi,Ngô Thanh Tùng,
DS_main,Anh em sinh năm,,Dân gian truyền miệng,L,Văn học & Tiểu thuyết,Không rõ,,vi,Nguyễn Đoàn Xuân Thu,
DS_main,Anne tóc đỏ dưới chái nhà xanh,9786045357781,Lucy Maud Montgomery,L,Văn học & Tiểu thuyết,NXB Hội Nhà Văn,2021,vi,Ngô Thanh Tùng,
DS_main,Ăn mày dĩ vãng,9786049324970,Chu Lai,L,Văn học & Tiểu thuyết,Nhà xuất bản Văn học,1991,vi,Ngô Thanh Tùng,
DS_main,"Ba ơi, mình đi đâu",9786043683264,Jean-Louis Fournier,L,Văn học & Tiểu thuyết,NXB Hội Nhà Văn,2009,vi,Hồ Khổng Tuyết Như,
DS_main,Bảy bước tới mùa hè,9786041200456,Nguyễn Nhật Ánh,L,Văn học & Tiểu thuyết,NXB Trẻ,2015,vi,Ngô Thanh Tùng,
DS_main,Bắt lửa,9786046495789,Suzanne Collins,L,Văn học & Tiểu thuyết,NXB Văn học,2013,vi,Ngô Thanh Tùng,
DS_main,Bắt Trẻ Đồng Xanh,9786043064711,J. D. Salinger,L,Văn học & Tiểu thuyết,NXB Hội Nhà Văn,1951,vi,Hồ Khổng Tuyết Như,
DS_main,Bỉ Vỏ,9786043494747,Nguyên Hồng,L,Văn học & Tiểu thuyết,NXB Văn Học,1937,vi,Ngô Thanh Tùng,
DS_main,Binh pháp tôn tử,9786044839936,Tôn Tử,H,Lịch sử,NXB Hồng Đức,2024,vi,Bùi Minh Quân,
DS_main,Bò béo bò gầy,,Dân gian truyền miệng,L,Văn học & Tiểu thuyết,Không rõ,Không rõ,vi,Ngô Thanh Tùng,
DS_main,Bồ câu không đưa thư,9786041242913,Nguyễn Nhật Ánh,L,Văn học & Tiểu thuyết,NXB Kim Đồng,2002,vi,Nguyễn Trọng Quý,
DS_main,Bốn anh tài,,Dân gian truyền miệng,L,Văn học & Tiểu thuyết,Không rõ,,vi,Nguyễn Đoàn Xuân Thu,
DS_main,Bông sen vàng,9786045799857,Sơn Tùng,L,Văn học & Tiểu thuyết,Nhà xuất bản Chính trị quốc gia Sự thật,2022,vi,Ngô Thanh Tùng,
DS_main,Búp sen xanh,9786042253741,Sơn Tùng,L,Văn học & Tiểu thuyết,NXB Kim Đồng,1982,vi,Nguyễn Đoàn Xuân Thu,
DS_main,Bướm trắng,9786044773629,Nhất Linh,L,Văn học & Tiểu thuyết,NXB Hội Nhà Văn,2022,vi,Ngô Thanh Tùng,
DS_main,Cái kiến mày kiện củ khoai,,Dân gian truyền miệng,L,Văn học & Tiểu thuyết,Không rõ,,vi,Nguyễn Đoàn Xuân Thu,
DS_main,Cánh đồng bất tận,9786041266001,Nguyễn Ngọc Tư,L,Văn học & Tiểu thuyết,NXB Trẻ,2006,vi,Nguyễn Đoàn Xuân Thu,
DS_main,Cây cam ngọt,9786043684520,José Mauro de Vasconcelos,L,Văn học & Tiểu thuyết,NXB Hội Nhà Văn,2020,vi,Ngô Thanh Tùng,
DS_main,Cây cam ngọt của tôi,8935235228351,José Mauro de Vasconcelos,L,Văn học & Tiểu thuyết,NXB Trẻ,2010,vi,Hồ Khổng Tuyết Như,
DS_main,Cây chuối non đi giày xanh,9786041217959,Nguyễn Nhật Ánh,L,Văn học & Tiểu thuyết,NXB Trẻ,2018,vi,Ngô Thanh Tùng,
DS_main,"Cha mẹ nuôi con biển hồ lai láng, con nuôi cha mẹ kể tháng kể ngày",,Dân gian truyền miệng,L,Văn học & Tiểu thuyết,Không rõ,Không rõ,vi,Nguyễn Đoàn Xuân Thu,
DS_main,Charlie Và Nhà Máy Chocolate,9786042011075,Roald Dahl,L,Văn học & Tiểu thuyết,NXB Trẻ,1964,vi,Ngô Thanh Tùng,
DS_main,Charlotte và Wilbur,9786043230833,E.B. White,L,Văn học & Tiểu thuyết,NXB Văn học,1952,vi,Ngô Thanh Tùng,
DS_main,Chân Trời Cũ,9786042238038,Hồ Dzếnh,L,Văn học & Tiểu thuyết,NXB Kim Đồng,2022,vi,Ngô Thanh Tùng,
DS_main,Chí Phèo,9786044779546,Nam Cao,L,Văn học & Tiểu thuyết,NXB văn học,2018,vi,Ngô Thanh Tùng,
DS_main,Chìa khóa vũ trụ của George,9786049639821,Stephen Hawking & Lucy Hawking,N,Khoa học tự nhiên,Nhã Nam phối hợp với NXB Văn Hóa Thông Tin,2007,vi,Bùi Minh Quân,
DS_main,Chiếc Lư Đồng Mắt Cua,8935235231436,Nguyễn Tuân,L,Văn học & Tiểu thuyết,NXB Hội Nhà Văn,2021,vi,Ngô Thanh Tùng,
DS_main,Chiến binh cầu vồng,9786045314951,Andrea Hirata,L,Văn học & Tiểu thuyết,NXB Hội Nhà Văn,2020,vi,Ngô Thanh Tùng,
DS_main,Chiến thắng con quỷ trong bạn,9786044968704,Napoleon Hill,L,Văn học & Tiểu thuyết,NXB Lao Động Xã Hội,2013,vi,Ngô Thanh Tùng,
DS_main,Chiến tranh tiền tệ,9786041017740,Song Hong Bing,B,Kinh tế & Kinh doanh,NXB Lao Động,2025,vi,Bùi Minh Quân,
DS_main,Cho tôi xin một vé đi tuổi thơ,9786041243132,Nguyễn Nhật Ánh,L,Văn học & Tiểu thuyết,NXB Trẻ,2008,vi,Nguyễn Đoàn Xuân Thu,
DS_main,Chú Bé Mang Pyjama Sọc,9786045300022,John Boyne,L,Văn học & Tiểu thuyết,NXB Hội Nhà Văn,2018,vi,Ngô Thanh Tùng,
DS_main,Chúa ruồi,9786049937309,William Golding,L,Văn học & Tiểu thuyết,NXB Văn học,2008,vi,Ngô Thanh Tùng,
DS_main,Chuyện con chó tên là Trung Thành,9786049670749,Luis Sepúlveda,L,Văn học & Tiểu thuyết,NXB Hội Nhà Văn,2021,vi,Ngô Thanh Tùng,
DS_main,Chuyện con mèo dạy hải âu bay,9786045313589,Luis Sepúlveda,L,Văn học & Tiểu thuyết,Nhà xuất bản Văn học,2011,vi,Hồ Khổng Tuyết Như,
DS_main,Chuyện con mèo và con chuột bạn thân của nó,9786045357651,Luis Sepúlveda,L,Văn học & Tiểu thuyết,NXB Hội Nhà Văn,2019,vi,Hồ Khổng Tuyết Như,
DS_main,Chuyện con ốc sên muốn biết tại sao nó chậm chạp,9786044972558,Luis Sepúlveda,L,Văn học & Tiểu thuyết,NXB Hội Nhà Văn,2022,vi,Ngô Thanh Tùng,
DS_main,Chuyến phiêu lưu kỳ diệu của Edward Tulane,9786044872995,Kate DiCamillo,L,Văn học & Tiểu thuyết,NXB Hồng Đức,2023,vi,Ngô Thanh Tùng,
DS_main,Chuyện Tấm Cám trong con mắt thiền,,Dân gian truyền miệng,L,Văn học & Tiểu thuyết,Không rõ,,vi,Nguyễn Đoàn Xuân Thu,
DS_main,Con bim trắng tai đen,9786044775074,Gavriil Troyepolsky,L,Văn học & Tiểu thuyết,NXB Văn Học,2023,vi,Ngô Thanh Tùng,
DS_main,Còn chút gì để nhớ,9786041200296,Nguyễn Nhật Ánh,L,Văn học & Tiểu thuyết,NXB Trẻ,2022,vi,Ngô Thanh Tùng,
DS_main,Con hoang,9786043139853,Lê Hồng Nguyên,L,Văn học & Tiểu thuyết,NXB Hội Nhà Văn,,vi,Ngô Thanh Tùng,
DS_main,Con mèo và hải âu,9786045313589,Luis Sepúlveda,L,Văn học & Tiểu thuyết,Nhà xuất bản Văn học,2011,vi,Hồ Khổng Tuyết Như,
DS_main,Con trai người thợ gốm,9786049698507,Tony Mitton,L,Văn học & Tiểu thuyết,NXB Văn học,2018,vi,Ngô Thanh Tùng,
DS_main,Coraline,9786043835946,Neil Gaiman,L,Văn học & Tiểu thuyết,Hội Nhà Văn,2023,vi,Ngô Thanh Tùng,
DS_main,Cô gà mái xổng chuồng,9786044734019,Hwang Sun‑mi,L,Văn học & Tiểu thuyết,NXB Hội Nhà Văn,2013,vi,Ngô Thanh Tùng,
DS_main,Công chúa nhỏ,9786326230314,Frances Hodgson Burnett,L,Văn học & Tiểu thuyết,NXB tiếng Việt,2021,vi,Ngô Thanh Tùng,
DS_main,Cơ sở văn hóa Việt Nam,9786044950044,GS. TSKH. Trần Ngọc Thêm,L,Văn học & Tiểu thuyết,NXB Giáo dục,1999,vi,Ngô Thanh Tùng,
DS_main,Của thiên trả địa,,Dân gian truyền miệng,L,Văn học & Tiểu thuyết,Không rõ,,vi,Ngô Thanh Tùng,
DS_main,Cuộc cách mạng một cọng rơm,9786045831809,Masanobu Fukuoka,L,Văn học & Tiểu thuyết,NXB Tổng Hợp TP. Hồ Chí Minh,1975,vi,Hà Công Thuận,
DS_main,Cuộc đời của Pi,9786043944556,Yann Martel,L,Văn học & Tiểu thuyết,NXB Hội Nhà Văn,2019,vi,Ngô Thanh Tùng,
DS_main,Cuộc đời ngoài cửa,9786045309490,Nguyễn Danh Lam,L,Văn học & Tiểu thuyết,NXB Hội Nhà Văn,2017,vi,Ngô Thanh Tùng,
DS_main,Cứu vật vật trả ơn cứu nhân nhân trả oán,,Dân gian truyền miệng,L,Văn học & Tiểu thuyết,Không rõ,Không rõ,vi,Nguyễn Đoàn Xuân Thu,
DS_main,Danh nhân cách mạng Việt Nam,8936067602302,Lê Minh Quốc,H,Lịch sử,NXB Văn Học,2009,vi,Bùi Minh Quân,
DS_main,Dế mèn phiêu lưu ký,9786042372831,Tô Hoài,L,Văn học & Tiểu thuyết,NXB Kim Đồng,1941,vi,Nguyễn Đoàn Xuân Thu,
DS_main,Dữ liệu lớn - Big data,9786041143852,Nhiều tác giả,I,Công nghệ thông tin & Tin học,NXB Trẻ,2013,vi,Hà Công Thuận,
DS_main,Dứt tình,9786045874226,Vũ Trọng Phụng,L,Văn học & Tiểu thuyết,Nhà xuất bản Văn học,1934,vi,Ngô Thanh Tùng,
DS_main,Đại Việt sử ký toàn thư,9786044878201,,L,Văn học & Tiểu thuyết,NXB tiếng Việt,1993,vi,Nguyễn Trọng Quý,
DS_main,Đại Việt sử lược,,Không rõ,H,Lịch sử,NXB Khoa học Xã hội,1983,vi,Ngô Thanh Tùng,
DS_main,Đảo,9786044955414,Nguyễn Ngọc Tư,L,Văn học & Tiểu thuyết,NXB Trẻ,2019,vi,Ngô Thanh Tùng,
DS_main,Đảo Giấu Vàng,9786326173765,Robert Louis Stevenson,L,Văn học & Tiểu thuyết,NXB Văn học,1985,vi,Ngô Thanh Tùng,
DS_main,Đắc nhân tâm,9786326176681,Dale Carnegie,L,Văn học & Tiểu thuyết,First News – Trí Việt,1936,vi,Bùi Minh Quân,
DS_main,Đất rừng phương Nam,9786042258081,Đoàn Giỏi,L,Văn học & Tiểu thuyết,NXB Kim Đồng,1954,vi,Nguyễn Đoàn Xuân Thu,
DS_main,Đấu trường sinh tử,9786043685206,Suzanne Collins,L,Văn học & Tiểu thuyết,NXB Trẻ,2016,vi,Nguyễn Đoàn Xuân Thu,
DS_main,Điều kỳ diệu của tiệm tạp hóa Namiya,9786045364673,Higashino Keigo,L,Văn học & Tiểu thuyết,NXB Hội Nhà Văn,2025,vi,Nguyễn Đoàn Xuân Thu,
DS_main,Đồng tiền Vạn Lịch,,Dân gian truyền miệng,L,Văn học & Tiểu thuyết,Không rõ,,vi,Ngô Thanh Tùng,
DS_main,Đừng bao giờ nói dối,9786044919386,Freida McFadden,L,Văn học & Tiểu thuyết,NXB Văn Học,2024,vi,Ngô Thanh Tùng,
DS_main,Em bé thông minh,,Dân gian truyền miệng,L,Văn học & Tiểu thuyết,Không rõ,,vi,Nguyễn Đoàn Xuân Thu,
DS_main,Gánh hàng hoa,9786044996349,"Khái Hưng, Nhất Linh",L,Văn học & Tiểu thuyết,NXB Hội Nhà Văn,1934,vi,Ngô Thanh Tùng,
DS_main,Giết chó khuyên chồng,,Dân gian truyền miệng,L,Văn học & Tiểu thuyết,Không rõ,Không rõ,vi,Nguyễn Đoàn Xuân Thu,
DS_main,Gió đầu mùa,9786043913569,Thạch Lam,L,Văn học & Tiểu thuyết,NXB Văn Học,2022,vi,Ngô Thanh Tùng,
DS_main,Giông tố,9786043494785,Vũ Trọng Phụng,L,Văn học & Tiểu thuyết,Nhà xuất bản Văn Thanh,1937,vi,Ngô Thanh Tùng,
DS_main,Hạ đỏ,9786326183641,Nguyễn Nhật Ánh,L,Văn học & Tiểu thuyết,NXB Trẻ,1991,vi,Ngô Thanh Tùng,
DS_main,Hà Nội 36 Phố Phường,9786043498264,Thạch Lam,L,Văn học & Tiểu thuyết,NXB Văn Học,1943,vi,Ngô Thanh Tùng,
DS_main,Hai vạn dặm dưới đáy biển,9786326173772,Jules Verne,L,Văn học & Tiểu thuyết,NXB Dân Trí,2022,vi,Ngô Thanh Tùng,
DS_main,Hành trình về phương Đông,9786326065190,Dr. Blair T. Spalding,L,Văn học & Tiểu thuyết,Giáo sư Nguyên Phong,1987,vi,Ngô Thanh Tùng,
DS_main,Harry Potter và hòn đá phù thủy,9786041084247,J. K. Rowling,L,Văn học & Tiểu thuyết,NXB Trẻ,2016,vi,Ngô Thanh Tùng,
DS_main,Hãy chăm sóc mẹ,9786044448640,Shin Kyung Sook,L,Văn học & Tiểu thuyết,NXB Hà Nội,2011,vi,Ngô Thanh Tùng,
DS_main,Hiệu ứng chim mồi - tập 1,9786048097646,Hạo Nhiên và Quốc Khánh,L,Văn học & Tiểu thuyết,NXB Kinh Tế TP.HCM,2016,vi,Ngô Thanh Tùng,
DS_main,Hiệu ứng chim mồi - tập 2,9786049227066,Hạo Nhiên và Quốc Khánh,L,Văn học & Tiểu thuyết,NXB Kinh Tế TP.HCM,2016,vi,Ngô Thanh Tùng,
DS_main,Hoàng Lê nhất thống chí,9786044912721,Ngô Gia Văn Phái,H,Lịch sử,NXB Văn học,1964,vi,Ngô Thanh Tùng,
DS_main,Hoàng tử bé,8935235221734,Antoine de Saint-Exupéry,L,Văn học & Tiểu thuyết,NXB Hội Nhà văn,2008,vi,Hồ Khổng Tuyết Như,
DS_main,Hoàng tử Ếch,9786326176186,Không rõ,L,Văn học & Tiểu thuyết,Không rõ,,vi,Ngô Thanh Tùng,
DS_main,Hồ,9786326150872,Banana Yoshimoto,L,Văn học & Tiểu thuyết,NXB Hội Nhà Văn,2014,vi,Ngô Thanh Tùng,
DS_main,"Hồn Trương Ba, da hàng thịt",,Dân gian truyền miệng,L,Văn học & Tiểu thuyết,Không rõ,Không rõ,vi,Nguyễn Đoàn Xuân Thu,
DS_main,Jane Eyre,9786044963297,Charlotte Bronte,L,Văn học & Tiểu thuyết,NXB Văn Học,2019,vi,Ngô Thanh Tùng,
DS_main,Kéo Búa Bao – Lý Thuyết Trò Chơi Ứng Dụng Trong Cuộc Sống Thường Ngày,9786049463242,Len Fisher,Y,Tâm lý học & Phát triển cá nhân,Nhà Xuất Bản Đại Học Kinh Tế Quốc Dân,2023,vi,Bùi Minh Quân,
DS_main,Kẹp hạt dẻ và vua chuột,9786043824155,E. T. A. Hoffmann,L,Văn học & Tiểu thuyết,NXB Thanh Niên,2020,vi,Ngô Thanh Tùng,
DS_main,Khuyến học,9786044053783,Kukuzawa Yukichi,L,Văn học & Tiểu thuyết,NXB Thế Giới,1872,vi,Hà Công Thuận,
DS_main,Kiêu hãnh và định kiến,9786043198973,Jane Austen,L,Văn học & Tiểu thuyết,NXB Văn Học,2017,vi,Ngô Thanh Tùng,
DS_main,Lạc rừng,9786043170641,Trung Trung Đỉnh,L,Văn học & Tiểu thuyết,NXB Trẻ,2018,vi,Ngô Thanh Tùng,
DS_main,Làm Đĩ,9786043494839,Vũ Trọng Phụng,L,Văn học & Tiểu thuyết,NXB Văn Học,2023,vi,Ngô Thanh Tùng,
DS_main,Lão Hạc,9786326064278,Nam Cao,L,Văn học & Tiểu thuyết,NXB văn học,2022,vi,Ngô Thanh Tùng,
DS_main,Lối sống tối giản của người Nhật,9786044813110,Sasaki Fumio,L,Văn học & Tiểu thuyết,NXB Nhã Nam,2020,vi,Ngô Thanh Tùng,
DS_main,Lũ trẻ đường tàu,9786044968636,E. Nesbit,L,Văn học & Tiểu thuyết,NXB Hội Nhà Văn,2020,vi,Ngô Thanh Tùng,
DS_main,Lũ trẻ nhà Penderwicks,9786049807381,Jeanne Birdsall,L,Văn học & Tiểu thuyết,NXB tiếng Việt,2015,vi,Ngô Thanh Tùng,
DS_main,Mãi Mãi Tuổi Hai Mươi,9786045191149,Nguyễn Văn Thạc,H,Lịch sử,NXB Thanh Niên,2005,vi,Ngô Thanh Tùng,
DS_main,Mảnh đất lắm người nhiều ma,,Nguyễn Khắc Trường,L,Văn học & Tiểu thuyết,NXB Văn Nghệ TP.HCM,1999,vi,Ngô Thanh Tùng,
DS_main,Mắt biếc,9786041265936,Nguyễn Nhật Ánh,L,Văn học & Tiểu thuyết,NXB Trẻ,1990,vi,Nguyễn Đoàn Xuân Thu,
DS_main,Minh Đạo Nhân Sinh,9786044052465,"Michael Puett, Christine Gross-Loh",Y,Tâm lý học & Phát triển cá nhân,NXB Tổng Hợp TP. Hồ Chí Minh,2016,vi,Ngô Thanh Tùng,
DS_main,Một thiên nằm mộng,9786042125635,Nguyễn Ngọc Thuần,L,Văn học & Tiểu thuyết,NXB Kim Đồng,2019,vi,Ngô Thanh Tùng,
DS_main,Một Thoáng Ta Rực Rỡ Ở Nhân Gian,9786043334081,Ocean Vuong & Khánh Nguyên,L,Văn học & Tiểu thuyết,NXB Hội Nhà Văn,2021,vi,Ngô Thanh Tùng,
DS_main,Mùa gió chướng,,Nguyễn Quang Sáng,L,Văn học & Tiểu thuyết,NXB Văn Nghệ,1999,vi,Ngô Thanh Tùng,
DS_main,Mùa hè năm Petrus,9786041166974,Lê Văn Nghĩa,L,Văn học & Tiểu thuyết,NXB Trẻ,2013,vi,Ngô Thanh Tùng,
DS_main,Mưa đỏ,9786047465118,Chu Lai,L,Văn học & Tiểu thuyết,NXB Quân Đội Nhân Dân,2022,vi,Ngô Thanh Tùng,
DS_main,Nanh trắng,9786046917625,Jack London,L,Văn học & Tiểu thuyết,NXB Văn Học,2017,vi,Ngô Thanh Tùng,
DS_main,Nắng trong vườn,9786326062878,Thạch Lam,L,Văn học & Tiểu thuyết,NXB Văn Học,1938,vi,Ngô Thanh Tùng,
DS_main,Nếp gấp thời gian,9786044732473,Madeleine L’Engle,L,Văn học & Tiểu thuyết,NXB tiếng Việt,2023,vi,Ngô Thanh Tùng,
DS_main,Nếu Biết Trăm Năm Là Hữu Hạn,9786043925081,Phạm Lữ Ân,L,Văn học & Tiểu thuyết,NXB Thế giới,2024,vi,Nguyễn Đoàn Xuân Thu,
DS_main,Nếu Tôi Biết Được Ở Tuổi 20,9786041139312,Tina Seelig,L,Văn học & Tiểu thuyết,NXB Trẻ,2020,vi,Ngô Thanh Tùng,
DS_main,Ngàn mặt trời rực rỡ,9786043722369,Khaled Hosseini,L,Văn học & Tiểu thuyết,NXB Văn Học,2018,vi,Ngô Thanh Tùng,
DS_main,Ngày xưa có một con bò,9786041246065,Camilo Cruz,L,Văn học & Tiểu thuyết,NXB Trẻ,2022,vi,Ngô Thanh Tùng,
DS_main,Nguồn gốc của các loài,9786043405620,Charles Darwin,S,Khoa học xã hội,NXB Tri Thức,2009,vi,Bùi Minh Quân,
DS_main,Ngựa ô yêu dấu,9786044072005,Anna Sewell,L,Văn học & Tiểu thuyết,NXB Văn Học,2020,vi,Ngô Thanh Tùng,
DS_main,Người đàn ông mang tên Ove,9786041104099,Fredrik Backman,L,Văn học & Tiểu thuyết,NXB Trẻ,2017,vi,Ngô Thanh Tùng,
DS_main,Người đua diều,9786049968952,Khaled Hosseini,L,Văn học & Tiểu thuyết,NXB Phụ nữ Việt Nam,2018,vi,Ngô Thanh Tùng,
DS_main,Người thầy,9786326230031,Nguyễn Chí Vịnh,L,Văn học & Tiểu thuyết,NXB Quân Đội Nhân Dân,2023,vi,Ngô Thanh Tùng,
DS_main,Nhà giả kim,9786045396391,Paulo Coelho,L,Văn học & Tiểu thuyết,NXB Hội Nhà Văn,2020,vi,Ngô Thanh Tùng,
DS_main,Nhật Ký Đặng Thuỳ Trâm,9786045317310,Đặng Thuỳ Trâm,H,Lịch sử,Nhà xuất bản Hội Nhà Văn,2005,vi,Ngô Thanh Tùng,
DS_main,Những cuộc phiêu lưu của Pinocchio,9786044972060,Carlo Collodi,L,Văn học & Tiểu thuyết,NXB Văn Học,2019,vi,Ngô Thanh Tùng,
DS_main,Những kẻ âu lo,9786041195202,Fredrik Backman,L,Văn học & Tiểu thuyết,NXB Trẻ,2022,vi,Ngô Thanh Tùng,
DS_main,Những Ngày Thơ Ấu,9786043236477,Nguyên Hồng,L,Văn học & Tiểu thuyết,NXB Tự Lực văn đoàn,1938,vi,Ngô Thanh Tùng,
DS_main,Nói dối như Cuội,,Dân gian truyền miệng,,,Không rõ,Không rõ,vi,Nguyễn Đoàn Xuân Thu,
DS_main,Nỗi buồn chiến tranh,9786041001985,Bảo Ninh,H,Lịch sử,NXB trẻ,2022,vi,Ngô Thanh Tùng,
DS_main,Nợ như Chúa Chổm,,Dân gian truyền miệng,L,Văn học & Tiểu thuyết,Không rõ,,vi,Nguyễn Đoàn Xuân Thu,
DS_main,Nữ hành giành bạc,,Dân gian truyền miệng,L,Văn học & Tiểu thuyết,Không rõ,Không rõ,vi,Ngô Thanh Tùng,
DS_main,Ông già và biển cả,9786326173796,Ernest Hemingway,L,Văn học & Tiểu thuyết,NXB Văn học,2019,vi,Hồ Khổng Tuyết Như,
DS_main,"Ở Khắp Nơi, Là Bất Kỳ Ai",,L. J. Goulding,L,Văn học & Tiểu thuyết,Không rõ,Không rõ,vi,Ngô Thanh Tùng,
DS_main,Phù thủy xứ Oz,9786044086620,Frank Baum,L,Văn học & Tiểu thuyết,NXB Trẻ,2017,vi,Ngô Thanh Tùng,
DS_main,Quân khu Nam Đồng,9786041242883,Bình Ca,H,Lịch sử,NXB Trẻ,2015,vi,Ngô Thanh Tùng,
DS_main,Quốc gia khởi nghiệp,9786326040760,Dan Senor & Saul Singer,L,Văn học & Tiểu thuyết,NXB Thế Giới,2013,vi,Nguyễn Đoàn Xuân Thu,
DS_main,Ruột ơi là ruột,9786047730421,Giulia Enders,N,Khoa học tự nhiên,NXB Thế Giới,2017,vi,Bùi Minh Quân,
DS_main,Ruột Ơi Là Ruột – Bí Mật Của Một Thế Giới Bị Lãng Quên,9786043407853,Giulia Enders,N,Khoa học tự nhiên,NXB Thế Giới,2017,vi,Bùi Minh Quân,
DS_main,Sapiens Lược sử loài người,9786043443301,Yuval Noah Harari,S,Khoa học xã hội,NXB Tri Thức,2022,vi,Ngô Thanh Tùng,
DS_main,Sói và gia vị - Tập 1,8936037797748,Isuna Hasekura,L,Văn học & Tiểu thuyết,NXB Lao Động,2016,vi,Bùi Minh Quân,
DS_main,Sói và gia vị - Tập 2,8936037798080,Isuna Hasekura,L,Văn học & Tiểu thuyết,NXB Hội Nhà Văn,2018,vi,Bùi Minh Quân,
DS_main,Số Đỏ,9786326179743,Vũ Trọng Phụng,L,Văn học & Tiểu thuyết,NXB Văn học,1936,vi,Nguyễn Đoàn Xuân Thu,
DS_main,Sống mòn,9786043943849,Nam Cao,L,Văn học & Tiểu thuyết,NXB Văn Học,2021,vi,Ngô Thanh Tùng,
DS_main,"Súng, Vi Trùng và Thép – Định Mệnh của Các Xã Hội Loài Người",8935270703837,Jared Diamond,L,Văn học & Tiểu thuyết,NXB Thế Giới,2018,vi,Bùi Minh Quân,
DS_main,Sự tích cá he,,Dân gian truyền miệng,L,Văn học & Tiểu thuyết,Không rõ,,vi,Ngô Thanh Tùng,
DS_main,Sự tích cái chổi,,Dân gian truyền miệng,L,Văn học & Tiểu thuyết,Không rõ,,vi,Ngô Thanh Tùng,
DS_main,Sự tích cây huyết dụ,,Dân gian truyền miệng,L,Văn học & Tiểu thuyết,Không rõ,,vi,Hà Công Thuận,
DS_main,Sự tích cây nêu ngày Tết,,Dân gian truyền miệng,L,Văn học & Tiểu thuyết,Không rõ,,vi,Ngô Thanh Tùng,
DS_main,Sự tích chim đa đa,,Dân gian truyền miệng,L,Văn học & Tiểu thuyết,Không rõ,Không rõ,vi,Nguyễn Tiến Quốc,
DS_main,Sự tích chim hít cô,,Dân gian truyền miệng,L,Văn học & Tiểu thuyết,Không rõ,Không rõ,vi,Hà Công Thuận,
DS_main,Sự tích chim năm-trâu-sáu-cột và chim bắt-cô-trói-cột,,Dân gian truyền miệng,L,Văn học & Tiểu thuyết,Không rõ,Không rõ,vi,Nguyễn Tiến Quốc,
DS_main,Sự tích chim quốc,,Dân gian truyền miệng,L,Văn học & Tiểu thuyết,Không rõ,,vi,Nguyễn Tiến Quốc,
DS_main,Sự tích chim tu hú,,Dân gian truyền miệng,L,Văn học & Tiểu thuyết,Không rõ,,vi,Hà Công Thuận,
DS_main,Sự tích con dã tràng,,Dân gian truyền miệng,L,Văn học & Tiểu thuyết,Không rõ,,vi,Ngô Thanh Tùng,
DS_main,Sự tích con khỉ,,Dân gian truyền miệng,L,Văn học & Tiểu thuyết,Không rõ,,vi,Nguyễn Tiến Quốc,
DS_main,Sự tích con muỗi,,Dân gian truyền miệng,L,Văn học & Tiểu thuyết,Không rõ,,vi,Nguyễn Tiến Quốc,
DS_main,Sự tích con nhái,,Dân gian truyền miệng,L,Văn học & Tiểu thuyết,Không rõ,,vi,,
DS_main,Sự tích con sam,,Dân gian truyền miệng,L,Văn học & Tiểu thuyết,Không rõ,,vi,Ngô Thanh Tùng,
DS_main,Sự tích dưa hấu,,Dân gian truyền miệng,L,Văn học & Tiểu thuyết,Không rõ,,vi,Hà Công Thuận,
DS_main,Sự tích đá Bà rầu,,Dân gian truyền miệng,L,Văn học & Tiểu thuyết,Không rõ,Không rõ,vi,Ngô Thanh Tùng,
DS_main,Sự tích đá Vọng phu,,Dân gian truyền miệng,L,Văn học & Tiểu thuyết,Không rõ,,vi,Ngô Thanh Tùng,
DS_main,Sự tích đầm Mực,,Dân gian truyền miệng,L,Văn học & Tiểu thuyết,Không rõ,,vi,Ngô Thanh Tùng,
DS_main,Sự tích đầm Nhất dạ và bãi Tự nhiên,,Dân gian truyền miệng,L,Văn học & Tiểu thuyết,Không rõ,,vi,Ngô Thanh Tùng,
DS_main,Sư tích hồ Ba Bể,,Dân gian truyền miệng,L,Văn học & Tiểu thuyết,Không rõ,,vi,Ngô Thanh Tùng,
DS_main,Sự tích hồ Gươm,,Dân gian truyền miệng,L,Văn học & Tiểu thuyết,Không rõ,,vi,Ngô Thanh Tùng,
DS_main,Sự tích núi Ngũ Hành,,Dân gian truyền miệng,L,Văn học & Tiểu thuyết,Không rõ,,vi,Ngô Thanh Tùng,
DS_main,Sự tích ông bình vôi,,Dân gian truyền miệng,L,Văn học & Tiểu thuyết,Không rõ,Không rõ,vi,Ngô Thanh Tùng,
DS_main,Sự tích ông đầu rau,,Dân gian truyền miệng,L,Văn học & Tiểu thuyết,Không rõ,,vi,Ngô Thanh Tùng,
DS_main,Sự tích sầu riêng,,Dân gian truyền miệng,L,Văn học & Tiểu thuyết,Không rõ,Không rõ,vi,Hà Công Thuận,
DS_main,Sự tích sông Nhà Bè hay là truyện Thủ Huồn,,Dân gian truyền miệng,L,Văn học & Tiểu thuyết,Không rõ,Không rõ,vi,Ngô Thanh Tùng,
DS_main,Sự tích Thạch Sùng,,Dân gian truyền miệng,L,Văn học & Tiểu thuyết,Không rõ,Không rõ,vi,Ngô Thanh Tùng,
DS_main,Sự tích thành Lồi,,Dân gian truyền miệng,L,Văn học & Tiểu thuyết,Không rõ,Không rõ,vi,Ngô Thanh Tùng,
DS_main,Sự tích trầu cau,,Dân gian truyền miệng,L,Văn học & Tiểu thuyết,Không rõ,,vi,Hà Công Thuận,
DS_main,Tắt đèn,9786043946703,Ngô Tất Tố,L,Văn học & Tiểu thuyết,NXB Văn học,2022,vi,Ngô Thanh Tùng,
DS_main,Thạch Sanh,,Dân gian truyền miệng,L,Văn học & Tiểu thuyết,Không rõ,,vi,Nguyễn Đoàn Xuân Thu,
DS_main,"Thao Túng Tâm Lý – Nhận Diện, Thức Tỉnh Và Chữa Lành Những Tổn Thương Tiềm Ẩn",9786043562545,"Shannon Thomas, LCSW",Y,Tâm lý học & Phát triển cá nhân,NXB Dân Trí,2022,vi,Bùi Minh Quân,
DS_main,Thần giữ của,,Dân gian truyền miệng,L,Văn học & Tiểu thuyết,Không rõ,,vi,Nguyễn Đoàn Xuân Thu,
DS_main,The Faceless God,,Graham McNeill,L,Văn học & Tiểu thuyết,Không rõ,Không rõ,vi,Ngô Thanh Tùng,
DS_main,Thi nhân Việt Nam,9786049924668,"Hoài Thanh, Hoài Chân",H,Lịch sử,NXB Văn Học,1942,vi,Ngô Thanh Tùng,
DS_main,Thiên nga đen,9786326211788,Nassim Nicholas Taleb,L,Văn học & Tiểu thuyết,Nhà xuất bản Thế Giới,2007,vi,Bùi Minh Quân,
DS_main,Thời xa vắng,9786043721546,Lê Lựu,L,Văn học & Tiểu thuyết,Nhà xuất bản Tác phẩm Mới,1986,vi,Ngô Thanh Tùng,
DS_main,Thương mấy cũng là người dưng,9786046848967,Anh Khang,L,Văn học & Tiểu thuyết,NXB Văn hóa – Văn nghệ,2016,vi,Hồ Khổng Tuyết Như,
DS_main,Tiếng gọi nơi hoang dã,9786042386265,Jack London,L,Văn học & Tiểu thuyết,NXB Văn học,2003,vi,Ngô Thanh Tùng,
DS_main,Tinh con chuột,,Dân gian truyền miệng,L,Văn học & Tiểu thuyết,Không rõ,Không rõ,vi,Nguyễn Đoàn Xuân Thu,
DS_main,Tôi thấy hoa vàng trên cỏ xanh,9786041000698,Nguyễn Nhật Ánh,L,Văn học & Tiểu thuyết,NXB Trẻ,2010,vi,Ngô Thanh Tùng,
DS_main,Trại Đầm Đùn,,Trần Văn Thái,L,Văn học & Tiểu thuyết,NXB Nguyễn Trãi,1969,vi,Ngô Thanh Tùng,
DS_main,Trạng Hiền,,Dân gian truyền miệng,L,Văn học & Tiểu thuyết,Không rõ,,vi,Nguyễn Đoàn Xuân Thu,
DS_main,Trên Đường Băng,9786041199132,Tony Buổi Sáng,L,Văn học & Tiểu thuyết,NXB Trẻ,2015,vi,Hồ Khổng Tuyết Như,
DS_main,Trinh phụ hai chồng,,Dân gian truyền miệng,L,Văn học & Tiểu thuyết,Không rõ,Không rõ,vi,Nguyễn Đoàn Xuân Thu,
DS_main,Trong gia đình,9786044429496,Hector Malot,L,Văn học & Tiểu thuyết,NXB Văn Học,2018,vi,Ngô Thanh Tùng,
DS_main,Truyện cổ Andersen,9786044709918,Hans Christian Andersen,L,Văn học & Tiểu thuyết,NXB Trẻ,2000,vi,Nguyễn Đoàn Xuân Thu,
DS_main,Truyền kì mạn lục,8934974108610,Nguyễn Dữ,L,Văn học & Tiểu thuyết,NXB Trẻ,2018,vi,Bùi Minh Quân,
DS_main,Truyện Kiều,9786044094045,Nguyễn Du,L,Văn học & Tiểu thuyết,NXB văn học,,vi,Ngô Thanh Tùng,
DS_main,Truyện ngắn Vũ Trọng Phụng,9786043947816,Vũ Trọng Phụng,L,Văn học & Tiểu thuyết,NXB Văn Học,2017,vi,Bùi Minh Quân,
DS_main,Tuổi thơ dữ dội,9786042247405,Phùng Quán,L,Văn học & Tiểu thuyết,NXB Kim Đồng,2019,vi,Ngô Thanh Tùng,
DS_main,Tuổi trẻ đáng giá bao nhiêu,9786045370193,Rosie Nguyễn,L,Văn học & Tiểu thuyết,NXB Hội Nhà Văn,2016,vi,Ngô Thanh Tùng,
DS_main,Tuyển tập Thạch Lam,9786043942163,Thạch Lam,L,Văn học & Tiểu thuyết,NXB Văn Học,2019,vi,Ngô Thanh Tùng,
DS_main,Vang bóng một thời,9786043067804,Nguyễn Tuân,H,Lịch sử,NXB Hội Nhà Văn,1940,vi,Hồ Khổng Tuyết Như,
DS_main,Viết gì cũng đúng,9786046553502,Anthony Weston,L,Văn học & Tiểu thuyết,NXB Trẻ,2017,vi,Ngô Thanh Tùng,
DS_main,Việt Nam sử lược,9786044910826,Trần Trọng Kim,H,Lịch sử,NXB Văn Học,1920,vi,Bùi Minh Quân,
DS_main,Vợ Nhặt,9786044771922,Kim Lân,L,Văn học & Tiểu thuyết,NXB Văn Học,2013,vi,Ngô Thanh Tùng,
DS_main,Vua Ếch,,Truyện cổ Grimm,L,Văn học & Tiểu thuyết,Không rõ,Không rõ,vi,,
DS_main,Vừa nhắm mắt vừa mở cửa sổ,9786041006126,Nguyễn Ngọc Thuần,L,Văn học & Tiểu thuyết,NXB Trẻ,2004,vi,Ngô Thanh Tùng,
DS_main,Vượt Côn Đảo,9786044834108,Phùng Quán,L,Văn học & Tiểu thuyết,NXB Văn học,2018,vi,Ngô Thanh Tùng,
DS_main,Yết Kiêu,,Dân gian truyền miệng,L,Văn học & Tiểu thuyết,Không rõ,,vi,Nguyễn Đoàn Xuân Thu,
view,title,source (ISBN),creator,subject,subjectText,publisher,date,language,collector,sourceURL
view,Bộ Sách Cánh Diều - Giáo Dục Công Dân Lớp 9,978-604-958-737-5,Nhiều tác giả,E,Giáo dục & Sư phạm,Đại Học Sư Phạm,2024-01-01,vi,,
view,Súng Vi Trùng và Thép,978-039-335-432-4,Jared Diamond,S,Khoa học xã hội,NXB Tri Thức,2007-01-01,vi,,
view,Bộ Sách Cánh Diều: Ngữ Văn Lớp 6 - Tập Hai,978-604-958-620-0,Nhiều tác giả,E,Giáo dục & Sư phạm,Đại Học Sư Phạm,2024-01-01,vi,,
view,Bộ Sách Cánh Diều: Tiếng Việt Lớp 5 - Tập Hai,978-604-958-580-7,Nhiều tác giả,E,Giáo dục & Sư phạm,Đại Học Sư Phạm,2024-01-01,vi,,
view,Thuỷ Hử,978-604-349-459-4,Thi Nai Am,L,Văn học & Tiểu thuyết,NXB Van Hoc,2024-01-01,vi,,
view,Luyện Trí Nhớ,893-525-1-41724-1,Phạm Văn Hồng Thắng,Y,Tâm lý học & Phát triển cá nhân,NXB Thanh Niên,2012-01-01,Vi,,
view,Sức Mạnh Tiềm Thức,893-508-6-83588-3,"Joseph Murphy, Ph.D., D.D",Y,Tâm lý học & Phát triển cá nhân,NXB Kim Đồng,2015-01-06,vi,,
view,Truyện cổ Grim Toàn Tập,893-508-6-83588-3,"Joseph Murphy, Ph.D., D.D",C,Trẻ em & Thiếu nhi,NXB Kim Đồng,2015-01-06,vi,,
view,Hồ Quý Ly,9786043294224,Nguyễn Xuân Khánh,L,Văn học & Tiểu thuyết,Nhà Xuất Bản Phụ Nữ Việt Nam,2018,vi-VN,,
view,Thành Cát Tư Hãn và sự hình thành thế giới hiện đại,8935270700423,Jack Weatherford,H,Lịch sử,Nhà Xuất BảnKhoa học Xã hội,14/07/2018,vi-VN,,
view,Điệp viên hoàn hảo,8935069201285,Larry Berman,H,Lịch sử,Nhà Xuất Bản Thông Tấn,2011-09,vi-VN,,
view,Thép Đã Tôi Thế Đấy,9786046982944,Nikolai A.Ostrovsky,L,Văn học &Tiểu thuyết,NXB Văn học,2018,vi,,
view,Nghệ thuật đàm phán,978-604-1-24424-5,Donald J.Trump,Y,Tâm lý học & Phát triển cá nhân,Nhà Xuất Bản Trẻ,2024-01-01,vi,,
view,Sự trỗi dậy và suy tàn của Đế chế thứ Ba - Lịch sử Đức quốc xã,0-671-72868-7,William L. Shirer,H,Lịch sử,NXB Thông Tin Và Truyền Thông,2018-01-01,vi,,
view,Gone with the Wind,978-058-241-806-6,Margaret Mitchell,,Văn học & Tiểu thuyết,Penguin Readers,2014-06-23,en,,
view,An Sĩ Toàn Thư,978-604-302-213-1,Chu An Sĩ,R,Tôn giáo & Tâm linh,NXB Hồng Đức,2024,vi,,
view,To Kill a Mockingbird,9780060888695,Harper Lee,L,Văn học & Tiểu thuyết,J. B. Lippincott & Co.,1960-07-11,en,,
view,Đại dương đen,9876043681147,Đặng Hoàng Giang,Y,Tâm lý học & Phát triển bản thân,Nhã Nam,2021-08-21,vi,,
view,Mèo và Triết lý nhân sinh,9786043410198,John Gray -Ngọc Xoài (dịch),Y,Tâm lý học & Phát triển bản thân,NXB Thanh Niên,2021-10-10,vi,,
view,"Thiện, ác và smartphone",9786045378526,Đặng Hoàng Giang,S,Khoa học xã hội,Nhã Nam,2017-02-06,vi,,
view,Bức xúc không làm ta vô can,,Đặng Hoàng Giang,L,Văn học & Tiểu thuyết,NXB Văn học,2015-11-01,vi,,
view,Tư Duy Nhanh Và Chậm,978-604-80-6050-3,Daniel Kehlmann,Y,Tâm lý học & Phát triển cá nhân,Alphabooks,2021,vi,,
view,Muôn kiếp nhân sinh - Tập 1,9786044833545,Nguyên Phong,R,Tôn giáo & Tâm linh,NXB Tổng hợp Thành phố Hồ Chí Minh,2024-09-08,vi,,
view,Luật hấp dẫn - Bí mật tối cao,9786043600551,Som Sujeera,Y,Tâm lý học & Phát triển cá nhân,NXB Lao động,2023-04-14,vi,,
view,Tế bào gốc – Bí mật của Suối Nguồn Tươi Trẻ,9786045881194,Neil H. Riordan,M,Y tế & Sức khỏe,NXB Tổng hợp thành phố Hồ Chí Minh,2018-10-15,vi,,
view,Sống đơn giản cho đời thanh thản,9786047752561,Shunmyo Masuno,Y,Tâm lý & Phát triển cá nhân,NXB Lao Động,2022,vi,,
view,Sách giáo khoa Tin học 8 - Cánh Diều,9786045486382,"Hồ Sĩ Đàm (Tổng Chủ biên), Hồ Cẩm Hà (Chủ biên), Phạm Hải Đăng, Nguyễn Đình Hóa, Nguyễn Nguyên Hương, Nguyễn Thanh Tùng",I,Công nghệ thông tin & Tin học,Nhà xuất bản Đại học Sư phạm,2023,vi,,
view,Sách giáo khoa Tin học 9 - Cánh Diều,9786045497623,"Hồ Sĩ Đàm (Tổng Chủ biên), Hồ Cẩm Hà (Chủ biên), Phạm Hải Đăng, Nguyễn Đình Hóa, Nguyễn Nguyên Hương, Nguyễn Thanh Tùng",I,Công nghệ thông tin & Tin học,Nhà xuất bản Đại học Sư phạm,2024,vi,,
view,Khoa học tự nhiên 9 - Cánh diều,,"ĐINH QUANG BÁO""",,Khoa học tự nhiên,Đại Học Sư Phạm,2024,vi,,
view,Kinh Vạn Hoa,9786042197014,Nguyễn Nhật Ánh,L,Văn học & Tiểu thuyết,Nhà xuất bản Kim Đồng,2022,vi,,
view,Con chim xanh biếc bay về,8934974170600,Nguyễn Nhật Ánh,,Văn học & Tiểu thuyết,Nhà xuất bản Trẻ,2020,vi,,
view,Hai số phân,8935095633210,Hodder & Stoughton,,Văn học & Tiểu thuyết,Nhà xuất bản Văn học,2018,vi,,
view,Túp lều bác Tom,978-604-2-35422-6,Harriet Beecher Stowe,L,Tiểu thuyết,Nhà xuất bản Kim Đồng,2024,vi,,
view,Eragon 2 (Eldest) – Đại Ca,0-375-82670-X,Christopher Paolini,L,Văn học & Tiểu thuyết,Nhà Xuất Bản Trẻ,23/08/2005,vi,,
view,Eragon 1 – Cậu Bé Cưỡi Rồng,0-9666213-3-6,Christopher Paolini,L,Văn học & Tiểu thuyết,Nhà Xuất Bản Trẻ,26/08/2003,vi,,
view,Chuyện dài bất tận,150519,Michael Ende,L,Văn học và Tiểu thuyết,NXB Hội Nhà văn (bản dịch tiếng Việt bởi Nhã Nam),2006,vi,,
view,Nghìn lẻ một đêm,978-604-323-733-7,Antonie Galand,L,Văn học và Tiểu thuyết,NXB Văn Nghệ TP. HCM,2013,vi,,
view,DON QUIXOTE NHÀ QUÝ TỘC TÀI BA XỨ MANCHA,978-604-2-30902-8,Miguel de Cervantes Saavedra,L,Văn học và Tiểu thuyết,NXB Văn học,2022,vi,,
view,Đời Sống Bí Ẩn Của Cây,8932000135234,Peter Wohlleben,N,Khoa học tự nhiên,Thế Giới,2020-12-29,vi,,
view,Đợt tuyệt chủng thứ sáu,8935235239753,Elizabeth Kolbert,N,Khoa học tự nhiên,NXB Tri Thức,2018-04-30,vi,,
view,Không gia đình,978-604-477-520-3,Hector Malot,L,Văn học & Tiểu thuyết,NXB Văn học,2014,vi,,
view,Minh thực lục: Quan hệ Trung Quốc - Việt Nam thế kỷ XIV - XVII. Tập 1,9786045500613,"Phạm Hoàng Quân (h.đ., bổ chú); Hồ Bạch Thảo (dịch, chú thích)",H,Lịch sử,Nhà xuất bản Hà Nội,2010,vi,,
view,Minh thực lục: Quan hệ Trung Quốc - Việt Nam thế kỷ XIV - XVII. Tập 2,9786045500613,"Phạm Hoàng Quân (h.đ., bổ chú); Hồ Bạch Thảo (dịch, chú thích)",H,Lịch sử,Nhà xuất bản Hà Nội,2010,vi,,
view,Minh thực lục: Quan hệ Trung Quốc - Việt Nam thế kỷ XIV - XVII. Tập 3,9786045500613,"Phạm Hoàng Quân (h.đ., bổ chú); Hồ Bạch Thảo (dịch, chú thích)",H,Lịch sử,Nhà xuất bản Hà Nội,2010,vi,,
view,Ben_khong_chong,978-604-1-20227-6,Dương Hướng,L,Tiểu thuyết Việt Nam; hiện thực; chiến tranh & hậu chiến; nông thôn Bắc Bộ,NXB Trẻ,2022,VI,,
